{ "compressionlevel":-1,
 "height":12,
 "infinite":false,
 "layers":[
        {
         "data":[1, 1, 1, 1, 1, 1, 1, 1, 1, 1, 1, 1, 1, 1, 1, 1, 1, 1,
            1, 1, 1, 1, 1, 1, 1, 1, 1, 1, 1, 1, 1, 1, 1, 1, 1, 1,
            1, 1, 1, 1, 1, 1, 1, 1, 1, 1, 1, 1, 1, 1, 1, 1, 1, 1,
            1, 1, 1, 1, 1, 1, 1, 1, 1, 1, 1, 1, 1, 1, 1, 1, 1, 1,
            1, 1, 1, 1, 1, 1, 1, 1, 1, 1, 1, 1, 1, 1, 1, 1, 1, 1,
            1, 1, 1, 1, 1, 1, 1, 1, 1, 1, 1, 1, 1, 1, 1, 1, 1, 1,
            1, 1, 1, 1, 1, 1, 1, 1, 1, 1, 1, 1, 1, 1, 1, 1, 1, 1,
            1, 1, 1, 1, 1, 1, 1, 1, 1, 1, 1, 1, 1, 1, 1, 1, 1, 1,
            1, 1, 1, 1, 1, 1, 1, 1, 1, 1, 1, 1, 1, 1, 1, 1, 1, 1,
            1, 1, 1, 1, 1, 1, 1, 1, 1, 1, 1, 1, 1, 1, 1, 1, 1, 1,
            1, 1, 1, 1, 1, 1, 1, 1, 1, 1, 1, 1, 1, 1, 1, 1, 1, 1,
            1, 1, 1, 1, 1, 1, 1, 1, 1, 1, 1, 1, 1, 1, 1, 1, 1, 1],
         "height":12,
         "id":1,
         "name":"Base Layer",
         "opacity":1,
         "type":"tilelayer",
         "visible":true,
         "width":18,
         "x":0,
         "y":0
        }, 
        {
         "data":[0, 0, 0, 0, 0, 0, 0, 0, 0, 0, 0, 0, 0, 0, 0, 0, 0, 0,
            0, 0, 0, 0, 0, 0, 0, 0, 0, 0, 0, 0, 0, 0, 0, 0, 0, 0,
            56, 56, 56, 56, 56, 56, 56, 56, 56, 56, 56, 56, 56, 56, 56, 56, 0, 0,
            56, 0, 0, 0, 0, 0, 0, 0, 0, 0, 0, 0, 0, 0, 0, 56, 0, 0,
            56, 0, 0, 0, 0, 0, 0, 0, 0, 0, 0, 0, 0, 0, 0, 56, 0, 0,
            56, 0, 0, 0, 0, 0, 0, 0, 0, 0, 0, 0, 0, 0, 0, 56, 0, 0,
            56, 0, 0, 0, 0, 0, 0, 0, 0, 0, 0, 0, 0, 0, 0, 56, 0, 0,
            56, 0, 0, 0, 0, 0, 0, 0, 0, 0, 0, 0, 0, 0, 0, 56, 0, 0,
            56, 0, 0, 0, 0, 0, 0, 0, 0, 0, 0, 0, 0, 0, 0, 56, 0, 0,
            56, 0, 0, 0, 0, 0, 0, 0, 0, 0, 0, 0, 0, 0, 0, 56, 0, 0,
            56, 0, 0, 0, 0, 0, 0, 0, 0, 0, 0, 0, 0, 0, 0, 56, 0, 0,
            56, 56, 56, 56, 56, 56, 56, 56, 56, 56, 56, 56, 56, 56, 56, 56, 0, 0],
         "height":12,
         "id":2,
         "name":"Base 2 Layer",
         "opacity":1,
         "type":"tilelayer",
         "visible":true,
         "width":18,
         "x":0,
         "y":0
        }, 
        {
         "data":[0, 0, 0, 0, 0, 0, 0, 0, 0, 0, 0, 0, 0, 0, 0, 0, 0, 0,
            0, 7, 8, 8, 8, 8, 8, 8, 8, 8, 8, 8, 8, 8, 8, 8, 9, 0,
            0, 16, 17, 17, 17, 17, 17, 17, 17, 17, 17, 17, 17, 17, 17, 17, 18, 0,
            0, 16, 17, 17, 17, 17, 17, 17, 17, 17, 17, 17, 17, 17, 17, 17, 18, 0,
            0, 16, 17, 17, 17, 17, 17, 17, 17, 17, 17, 17, 17, 17, 17, 17, 18, 0,
            0, 16, 17, 17, 17, 17, 17, 17, 17, 17, 17, 17, 17, 17, 17, 17, 18, 0,
            0, 16, 17, 17, 17, 17, 17, 17, 17, 17, 17, 17, 17, 17, 17, 17, 18, 0,
            0, 16, 17, 17, 17, 17, 17, 17, 17, 17, 17, 17, 17, 17, 17, 17, 18, 0,
            0, 16, 17, 17, 17, 17, 17, 17, 17, 17, 17, 17, 17, 17, 17, 17, 18, 0,
            0, 25, 26, 26, 26, 26, 26, 26, 26, 26, 26, 26, 26, 26, 26, 26, 27, 0,
            0, 52, 53, 53, 53, 53, 53, 53, 53, 53, 53, 53, 53, 53, 53, 53, 54, 0,
            0, 0, 0, 0, 0, 0, 0, 0, 0, 0, 0, 0, 0, 0, 0, 0, 0, 0],
         "height":12,
         "id":3,
         "name":"Ground Layer",
         "opacity":1,
         "type":"tilelayer",
         "visible":true,
         "width":18,
         "x":0,
         "y":0
        }, 
        {
         "data":[0, 0, 0, 0, 0, 0, 0, 0, 0, 0, 0, 0, 0, 0, 0, 0, 0, 0,
            0, 0, 0, 0, 0, 0, 0, 0, 0, 0, 0, 0, 0, 0, 0, 0, 0, 0,
            0, 0, 77, 78, 78, 78, 78, 78, 78, 78, 78, 78, 78, 78, 78, 79, 0, 0,
            0, 0, 86, 87, 87, 87, 87, 87, 87, 87, 87, 87, 87, 87, 87, 88, 0, 0,
            0, 0, 86, 87, 87, 87, 87, 87, 87, 87, 87, 87, 87, 87, 87, 88, 0, 0,
            0, 0, 86, 87, 87, 87, 87, 87, 87, 87, 87, 87, 87, 87, 87, 88, 0, 0,
            0, 0, 86, 87, 87, 87, 87, 87, 87, 87, 87, 87, 87, 87, 87, 88, 0, 0,
            0, 0, 95, 96, 96, 96, 96, 96, 96, 96, 96, 96, 96, 96, 96, 97, 0, 0,
            0, 0, 113, 114, 114, 114, 114, 114, 114, 114, 114, 114, 114, 114, 114, 115, 0, 0,
            0, 0, 0, 0, 0, 0, 0, 0, 0, 0, 0, 0, 0, 0, 0, 0, 0, 0,
            0, 0, 0, 0, 0, 0, 0, 0, 0, 0, 0, 0, 0, 0, 0, 0, 0, 0,
            0, 0, 0, 0, 0, 0, 0, 0, 0, 0, 0, 0, 0, 0, 0, 0, 0, 0],
         "height":12,
         "id":4,
         "name":"Ground Upper 1 Layer",
         "opacity":1,
         "type":"tilelayer",
         "visible":true,
         "width":18,
         "x":0,
         "y":0
        }, 
        {
         "data":[0, 0, 0, 0, 0, 0, 0, 0, 0, 0, 0, 0, 0, 0, 0, 0, 0, 0,
            0, 0, 0, 0, 0, 0, 0, 0, 0, 0, 0, 0, 0, 0, 0, 0, 0, 0,
            0, 0, 0, 0, 0, 0, 0, 0, 0, 0, 0, 0, 0, 0, 0, 0, 0, 0,
            0, 0, 0, 0, 0, 0, 0, 0, 0, 0, 0, 0, 0, 0, 0, 0, 0, 0,
            0, 0, 0, 0, 0, 0, 0, 0, 0, 0, 0, 0, 0, 0, 0, 0, 0, 0,
            0, 0, 0, 0, 0, 0, 0, 0, 0, 0, 0, 0, 0, 0, 0, 0, 0, 0,
            0, 0, 0, 0, 0, 0, 0, 0, 0, 0, 0, 0, 0, 0, 0, 0, 0, 0,
            0, 0, 0, 0, 0, 0, 0, 0, 0, 0, 0, 0, 0, 0, 0, 0, 0, 0,
            0, 0, 0, 0, 0, 0, 0, 0, 0, 0, 0, 0, 0, 0, 0, 0, 0, 0,
            0, 0, 0, 0, 0, 0, 0, 0, 0, 0, 0, 0, 0, 0, 0, 0, 0, 0,
            0, 0, 0, 0, 0, 0, 0, 0, 0, 0, 0, 0, 0, 0, 0, 0, 0, 0,
            0, 0, 0, 0, 0, 0, 0, 0, 0, 0, 0, 0, 0, 0, 0, 0, 0, 0],
         "height":12,
         "id":5,
         "name":"Ground Upper 2 Layer",
         "opacity":1,
         "type":"tilelayer",
         "visible":true,
         "width":18,
         "x":0,
         "y":0
        }, 
        {
         "draworder":"topdown",
         "id":6,
         "name":"Plants",
         "objects":[
                {
                 "gid":126,
                 "height":256,
                 "id":1,
                 "name":"",
                 "rotation":0,
                 "type":"",
                 "visible":true,
                 "width":192,
                 "x":8,
                 "y":606.666666666667
                }, 
                {
                 "gid":126,
                 "height":256,
                 "id":2,
                 "name":"",
                 "rotation":0,
                 "type":"",
                 "visible":true,
                 "width":192,
                 "x":61.3333333333333,
                 "y":645.333333333333
                }, 
                {
                 "gid":126,
                 "height":256,
                 "id":3,
                 "name":"",
                 "rotation":0,
                 "type":"",
                 "visible":true,
                 "width":192,
                 "x":129.333333333333,
                 "y":610.666666666667
                }, 
                {
                 "gid":126,
                 "height":256,
                 "id":4,
                 "name":"",
                 "rotation":0,
                 "type":"",
                 "visible":true,
                 "width":192,
                 "x":126.666666666667,
                 "y":641.333333333333
                }, 
                {
                 "gid":134,
                 "height":256,
                 "id":5,
                 "name":"",
                 "rotation":0,
                 "type":"",
                 "visible":true,
                 "width":192,
                 "x":6.66666666666666,
                 "y":638.666666666667
                }, 
                {
                 "gid":134,
                 "height":256,
                 "id":6,
                 "name":"",
                 "rotation":0,
                 "type":"",
                 "visible":true,
                 "width":192,
                 "x":90.6666666666667,
                 "y":646.666666666667
                }, 
                {
                 "gid":134,
                 "height":256,
                 "id":7,
                 "name":"",
                 "rotation":0,
                 "type":"",
                 "visible":true,
                 "width":192,
                 "x":192,
                 "y":613.333333333333
                }, 
                {
                 "gid":134,
                 "height":256,
                 "id":8,
                 "name":"",
                 "rotation":0,
                 "type":"",
                 "visible":true,
                 "width":192,
                 "x":178.666666666667,
                 "y":644
                }, 
                {
                 "gid":126,
                 "height":256,
                 "id":9,
                 "name":"",
                 "rotation":0,
                 "type":"",
                 "visible":true,
                 "width":192,
                 "x":228.666665,
                 "y":601.333333333333
                }, 
                {
                 "gid":126,
                 "height":256,
                 "id":10,
                 "name":"",
                 "rotation":0,
                 "type":"",
                 "visible":true,
                 "width":192,
                 "x":281.999965,
                 "y":639.999333333333
                }, 
                {
                 "gid":126,
                 "height":256,
                 "id":11,
                 "name":"",
                 "rotation":0,
                 "type":"",
                 "visible":true,
                 "width":192,
                 "x":349.999665,
                 "y":605.333333333333
                }, 
                {
                 "gid":126,
                 "height":256,
                 "id":12,
                 "name":"",
                 "rotation":0,
                 "type":"",
                 "visible":true,
                 "width":192,
                 "x":347.333665,
                 "y":635.999333333333
                }, 
                {
                 "gid":134,
                 "height":256,
                 "id":13,
                 "name":"",
                 "rotation":0,
                 "type":"",
                 "visible":true,
                 "width":192,
                 "x":227.333335,
                 "y":633.333333333333
                }, 
                {
                 "gid":134,
                 "height":256,
                 "id":14,
                 "name":"",
                 "rotation":0,
                 "type":"",
                 "visible":true,
                 "width":192,
                 "x":311.333365,
                 "y":641.333333333333
                }, 
                {
                 "gid":134,
                 "height":256,
                 "id":15,
                 "name":"",
                 "rotation":0,
                 "type":"",
                 "visible":true,
                 "width":192,
                 "x":412.666665,
                 "y":607.999333333333
                }, 
                {
                 "gid":134,
                 "height":256,
                 "id":16,
                 "name":"",
                 "rotation":0,
                 "type":"",
                 "visible":true,
                 "width":192,
                 "x":399.333665,
                 "y":638.666333333333
                }, 
                {
                 "gid":126,
                 "height":256,
                 "id":17,
                 "name":"",
                 "rotation":0,
                 "type":"",
                 "visible":true,
                 "width":192,
                 "x":467.333331666667,
                 "y":605.333333333333
                }, 
                {
                 "gid":126,
                 "height":256,
                 "id":18,
                 "name":"",
                 "rotation":0,
                 "type":"",
                 "visible":true,
                 "width":192,
                 "x":520.666631666667,
                 "y":643.999333333333
                },
            
                {
                 "gid":126,
                 "height":256,
                 "id":19,
                 "name":"",
                 "rotation":0,
                 "type":"",
                 "visible":true,
                 "width":192,
                 "x":588.666331666667,
                 "y":609.333333333333
                }, 
                {
                 "gid":126,
                 "height":256,
                 "id":20,
                 "name":"",
                 "rotation":0,
                 "type":"",
                 "visible":true,
                 "width":192,
                 "x":586.000331666667,
                 "y":639.999333333333
                }, 
                {
                 "gid":134,
                 "height":256,
                 "id":21,
                 "name":"",
                 "rotation":0,
                 "type":"",
                 "visible":true,
                 "width":192,
                 "x":466.000001666667,
                 "y":637.333333333333
                }, 
                {
                 "gid":134,
                 "height":256,
                 "id":22,
                 "name":"",
                 "rotation":0,
                 "type":"",
                 "visible":true,
                 "width":192,
                 "x":550.000031666667,
                 "y":645.333333333333
                }, 
                {
                 "gid":134,
                 "height":256,
                 "id":23,
                 "name":"",
                 "rotation":0,
                 "type":"",
                 "visible":true,
                 "width":192,
                 "x":651.333331666667,
                 "y":611.999333333333
                }, 
                {
                 "gid":134,
                 "height":256,
                 "id":24,
                 "name":"",
                 "rotation":0,
                 "type":"",
                 "visible":true,
                 "width":192,
                 "x":638.000331666667,
                 "y":642.666333333333
                }, 
                {
                 "gid":126,
                 "height":256,
                 "id":25,
                 "name":"",
                 "rotation":0,
                 "type":"",
                 "visible":true,
                 "width":192,
                 "x":696.666665,
                 "y":610.666666666667
                }, 
                {
                 "gid":126,
                 "height":256,
                 "id":26,
                 "name":"",
                 "rotation":0,
                 "type":"",
                 "visible":true,
                 "width":192,
                 "x":749.999965,
                 "y":649.332666666666
                }, 
                {
                 "gid":126,
                 "height":256,
                 "id":27,
                 "name":"",
                 "rotation":0,
                 "type":"",
                 "visible":true,
                 "width":192,
                 "x":817.999665,
                 "y":614.666666666667
                }, 
                {
                 "gid":126,
                 "height":256,
                 "id":28,
                 "name":"",
                 "rotation":0,
                 "type":"",
                 "visible":true,
                 "width":192,
                 "x":815.333665,
                 "y":645.332666666666
                }, 
                {
                 "gid":134,
                 "height":256,
                 "id":29,
                 "name":"",
                 "rotation":0,
                 "type":"",
                 "visible":true,
                 "width":192,
                 "x":695.333335,
                 "y":642.666666666667
                }, 
                {
                 "gid":134,
                 "height":256,
                 "id":30,
                 "name":"",
                 "rotation":0,
                 "type":"",
                 "visible":true,
                 "width":192,
                 "x":779.333365,
                 "y":650.666666666667
                }, 
                {
                 "gid":134,
                 "height":256,
                 "id":31,
                 "name":"",
                 "rotation":0,
                 "type":"",
                 "visible":true,
                 "width":192,
                 "x":880.666665,
                 "y":617.332666666666
                }, 
                {
                 "gid":134,
                 "height":256,
                 "id":32,
                 "name":"",
                 "rotation":0,
                 "type":"",
                 "visible":true,
                 "width":192,
                 "x":867.333665,
                 "y":647.999666666667
                }, 
                {
                 "gid":126,
                 "height":256,
                 "id":33,
                 "name":"",
                 "rotation":0,
                 "type":"",
                 "visible":true,
                 "width":192,
                 "x":892.666833333333,
                 "y":647.333166666667
                }, 
                {
                 "gid":134,
                 "height":256,
                 "id":34,
                 "name":"",
                 "rotation":0,
                 "type":"",
                 "visible":true,
                 "width":192,
                 "x":957.999833333333,
                 "y":619.333166666667
                }, 
                {
                 "gid":134,
                 "height":256,
                 "id":35,
                 "name":"",
                 "rotation":0,
                 "type":"",
                 "visible":true,
                 "width":192,
                 "x":944.666833333333,
                 "y":650.000166666667
                }, 
                {
                 "gid":126,
                 "height":256,
                 "id":40,
                 "name":"",
                 "rotation":0,
                 "type":"",
                 "visible":true,
                 "width":192,
                 "x":-9.33333333333334,
                 "y":568
                },
            
                {
                 "gid":126,
                 "height":256,
                 "id":41,
                 "name":"",
                 "rotation":0,
                 "type":"",
                 "visible":true,
                 "width":192,
                 "x":12,
                 "y":525.333333333333
                }, 
                {
                 "gid":134,
                 "height":256,
                 "id":42,
                 "name":"",
                 "rotation":0,
                 "type":"",
                 "visible":true,
                 "width":192,
                 "x":-9.33333333333334,
                 "y":536
                }, 
                {
                 "gid":134,
                 "height":256,
                 "id":43,
                 "name":"",
                 "rotation":0,
                 "type":"",
                 "visible":true,
                 "width":192,
                 "x":12,
                 "y":460
                }, 
                {
                 "gid":126,
                 "height":256,
                 "id":44,
                 "name":"",
                 "rotation":0,
                 "type":"",
                 "visible":true,
                 "width":192,
                 "x":-4.00000166666666,
                 "y":381.3335
                }, 
                {
                 "gid":134,
                 "height":256,
                 "id":45,
                 "name":"",
                 "rotation":0,
                 "type":"",
                 "visible":true,
                 "width":192,
                 "x":-5.33333166666665,
                 "y":413.3335
                }, 
                {
                 "gid":126,
                 "height":256,
                 "id":46,
                 "name":"",
                 "rotation":0,
                 "type":"",
                 "visible":true,
                 "width":192,
                 "x":-21.3333316666667,
                 "y":342.6665
                }, 
                {
                 "gid":126,
                 "height":256,
                 "id":47,
                 "name":"",
                 "rotation":0,
                 "type":"",
                 "visible":true,
                 "width":192,
                 "x":-1.66666666245874e-06,
                 "y":299.9995
                }, 
                {
                 "gid":134,
                 "height":256,
                 "id":48,
                 "name":"",
                 "rotation":0,
                 "type":"",
                 "visible":true,
                 "width":192,
                 "x":-21.3333316666667,
                 "y":310.6665
                }, 
                {
                 "gid":134,
                 "height":256,
                 "id":49,
                 "name":"",
                 "rotation":0,
                 "type":"",
                 "visible":true,
                 "width":192,
                 "x":-1.66666666245874e-06,
                 "y":234.6665
                }, 
                {
                 "gid":126,
                 "height":256,
                 "id":50,
                 "name":"",
                 "rotation":0,
                 "type":"",
                 "visible":true,
                 "width":192,
                 "x":69.9999483333333,
                 "y":146.666
                }, 
                {
                 "gid":134,
                 "height":256,
                 "id":51,
                 "name":"",
                 "rotation":0,
                 "type":"",
                 "visible":true,
                 "width":192,
                 "x":15.3333183333333,
                 "y":140
                }, 
                {
                 "gid":134,
                 "height":256,
                 "id":52,
                 "name":"",
                 "rotation":0,
                 "type":"",
                 "visible":true,
                 "width":192,
                 "x":99.3333483333333,
                 "y":148
                }, 
                {
                 "gid":134,
                 "height":256,
                 "id":53,
                 "name":"",
                 "rotation":0,
                 "type":"",
                 "visible":true,
                 "width":192,
                 "x":-16,
                 "y":209.333333333333
                }, 
                {
                 "gid":134,
                 "height":256,
                 "id":54,
                 "name":"",
                 "rotation":0,
                 "type":"",
                 "visible":true,
                 "width":192,
                 "x":128.333166666667,
                 "y":118.666666666667
                }, 
                {
                 "gid":126,
                 "height":256,
                 "id":55,
                 "name":"",
                 "rotation":0,
                 "type":"",
                 "visible":true,
                 "width":192,
                 "x":165.000166666667,
                 "y":106.666666666667
                }, 
                {
                 "gid":126,
                 "height":256,
                 "id":56,
                 "name":"",
                 "rotation":0,
                 "type":"",
                 "visible":true,
                 "width":192,
                 "x":218.333166666667,
                 "y":145.332666666667
                }, 
                {
                 "gid":126,
                 "height":256,
                 "id":57,
                 "name":"",
                 "rotation":0,
                 "type":"",
                 "visible":true,
                 "width":192,
                 "x":286.333166666667,
                 "y":110.666666666667
                }, 
                {
                 "gid":126,
                 "height":256,
                 "id":58,
                 "name":"",
                 "rotation":0,
                 "type":"",
                 "visible":true,
                 "width":192,
                 "x":283.667166666667,
                 "y":141.332666666667
                },
            
                {
                 "gid":134,
                 "height":256,
                 "id":59,
                 "name":"",
                 "rotation":0,
                 "type":"",
                 "visible":true,
                 "width":192,
                 "x":163.666166666667,
                 "y":138.666666666667
                }, 
                {
                 "gid":134,
                 "height":256,
                 "id":60,
                 "name":"",
                 "rotation":0,
                 "type":"",
                 "visible":true,
                 "width":192,
                 "x":247.666166666667,
                 "y":146.666666666667
                }, 
                {
                 "gid":134,
                 "height":256,
                 "id":61,
                 "name":"",
                 "rotation":0,
                 "type":"",
                 "visible":true,
                 "width":192,
                 "x":349.000166666667,
                 "y":113.332666666667
                }, 
                {
                 "gid":134,
                 "height":256,
                 "id":62,
                 "name":"",
                 "rotation":0,
                 "type":"",
                 "visible":true,
                 "width":192,
                 "x":335.667166666667,
                 "y":143.999666666667
                }, 
                {
                 "gid":126,
                 "height":256,
                 "id":63,
                 "name":"",
                 "rotation":0,
                 "type":"",
                 "visible":true,
                 "width":192,
                 "x":394.000333333333,
                 "y":100
                }, 
                {
                 "gid":126,
                 "height":256,
                 "id":64,
                 "name":"",
                 "rotation":0,
                 "type":"",
                 "visible":true,
                 "width":192,
                 "x":447.333333333333,
                 "y":138.666
                }, 
                {
                 "gid":126,
                 "height":256,
                 "id":65,
                 "name":"",
                 "rotation":0,
                 "type":"",
                 "visible":true,
                 "width":192,
                 "x":515.333333333333,
                 "y":104
                }, 
                {
                 "gid":126,
                 "height":256,
                 "id":66,
                 "name":"",
                 "rotation":0,
                 "type":"",
                 "visible":true,
                 "width":192,
                 "x":512.667333333333,
                 "y":134.666
                }, 
                {
                 "gid":134,
                 "height":256,
                 "id":67,
                 "name":"",
                 "rotation":0,
                 "type":"",
                 "visible":true,
                 "width":192,
                 "x":392.666333333333,
                 "y":132
                }, 
                {
                 "gid":134,
                 "height":256,
                 "id":68,
                 "name":"",
                 "rotation":0,
                 "type":"",
                 "visible":true,
                 "width":192,
                 "x":476.666333333333,
                 "y":140
                }, 
                {
                 "gid":134,
                 "height":256,
                 "id":69,
                 "name":"",
                 "rotation":0,
                 "type":"",
                 "visible":true,
                 "width":192,
                 "x":578.000333333333,
                 "y":106.666
                }, 
                {
                 "gid":134,
                 "height":256,
                 "id":70,
                 "name":"",
                 "rotation":0,
                 "type":"",
                 "visible":true,
                 "width":192,
                 "x":564.667333333333,
                 "y":137.333
                }, 
                {
                 "gid":134,
                 "height":256,
                 "id":89,
                 "name":"",
                 "rotation":0,
                 "type":"",
                 "visible":true,
                 "width":192,
                 "x":621.499833333333,
                 "y":112.666333333333
                }, 
                {
                 "gid":134,
                 "height":256,
                 "id":90,
                 "name":"",
                 "rotation":0,
                 "type":"",
                 "visible":true,
                 "width":192,
                 "x":608.166833333333,
                 "y":143.333333333333
                }, 
                {
                 "gid":126,
                 "height":256,
                 "id":91,
                 "name":"",
                 "rotation":0,
                 "type":"",
                 "visible":true,
                 "width":192,
                 "x":666.499833333333,
                 "y":99.3333333333333
                }, 
                {
                 "gid":126,
                 "height":256,
                 "id":92,
                 "name":"",
                 "rotation":0,
                 "type":"",
                 "visible":true,
                 "width":192,
                 "x":719.832833333333,
                 "y":137.999333333333
                }, 
                {
                 "gid":126,
                 "height":256,
                 "id":93,
                 "name":"",
                 "rotation":0,
                 "type":"",
                 "visible":true,
                 "width":192,
                 "x":787.832833333333,
                 "y":103.333333333333
                }, 
                {
                 "gid":126,
                 "height":256,
                 "id":94,
                 "name":"",
                 "rotation":0,
                 "type":"",
                 "visible":true,
                 "width":192,
                 "x":785.166833333333,
                 "y":133.999333333333
                },
            
                {
                 "gid":134,
                 "height":256,
                 "id":95,
                 "name":"",
                 "rotation":0,
                 "type":"",
                 "visible":true,
                 "width":192,
                 "x":665.165833333333,
                 "y":131.333333333333
                }, 
                {
                 "gid":134,
                 "height":256,
                 "id":96,
                 "name":"",
                 "rotation":0,
                 "type":"",
                 "visible":true,
                 "width":192,
                 "x":749.165833333333,
                 "y":139.333333333333
                }, 
                {
                 "gid":134,
                 "height":256,
                 "id":97,
                 "name":"",
                 "rotation":0,
                 "type":"",
                 "visible":true,
                 "width":192,
                 "x":850.499833333333,
                 "y":105.999333333333
                }, 
                {
                 "gid":134,
                 "height":256,
                 "id":98,
                 "name":"",
                 "rotation":0,
                 "type":"",
                 "visible":true,
                 "width":192,
                 "x":837.166833333333,
                 "y":136.666333333333
                }, 
                {
                 "gid":126,
                 "height":256,
                 "id":99,
                 "name":"",
                 "rotation":0,
                 "type":"",
                 "visible":true,
                 "width":192,
                 "x":899.332833333333,
                 "y":118.000166666667
                }, 
                {
                 "gid":126,
                 "height":256,
                 "id":100,
                 "name":"",
                 "rotation":0,
                 "type":"",
                 "visible":true,
                 "width":192,
                 "x":896.666833333333,
                 "y":148.666166666667
                }, 
                {
                 "gid":134,
                 "height":256,
                 "id":101,
                 "name":"",
                 "rotation":0,
                 "type":"",
                 "visible":true,
                 "width":192,
                 "x":961.999833333333,
                 "y":120.666166666667
                }, 
                {
                 "gid":134,
                 "height":256,
                 "id":102,
                 "name":"",
                 "rotation":0,
                 "type":"",
                 "visible":true,
                 "width":192,
                 "x":948.666833333333,
                 "y":151.333166666667
                }, 
                {
                 "gid":134,
                 "height":256,
                 "id":103,
                 "name":"",
                 "rotation":0,
                 "type":"",
                 "visible":true,
                 "width":192,
                 "x":957.999986666666,
                 "y":558.000166666667
                }, 
                {
                 "gid":134,
                 "height":256,
                 "id":104,
                 "name":"",
                 "rotation":0,
                 "type":"",
                 "visible":true,
                 "width":192,
                 "x":979.333316666667,
                 "y":482.000166666667
                }, 
                {
                 "gid":126,
                 "height":256,
                 "id":105,
                 "name":"",
                 "rotation":0,
                 "type":"",
                 "visible":true,
                 "width":192,
                 "x":963.333316666667,
                 "y":403.334166666667
                }, 
                {
                 "gid":134,
                 "height":256,
                 "id":106,
                 "name":"",
                 "rotation":0,
                 "type":"",
                 "visible":true,
                 "width":192,
                 "x":961.999986666666,
                 "y":435.334166666667
                }, 
                {
                 "gid":126,
                 "height":256,
                 "id":107,
                 "name":"",
                 "rotation":0,
                 "type":"",
                 "visible":true,
                 "width":192,
                 "x":946.000016666667,
                 "y":364.667166666667
                }, 
                {
                 "gid":126,
                 "height":256,
                 "id":108,
                 "name":"",
                 "rotation":0,
                 "type":"",
                 "visible":true,
                 "width":192,
                 "x":967.333314999996,
                 "y":322.000166666667
                }, 
                {
                 "gid":134,
                 "height":256,
                 "id":109,
                 "name":"",
                 "rotation":0,
                 "type":"",
                 "visible":true,
                 "width":192,
                 "x":946.000016666667,
                 "y":332.667166666667
                }, 
                {
                 "gid":134,
                 "height":256,
                 "id":110,
                 "name":"",
                 "rotation":0,
                 "type":"",
                 "visible":true,
                 "width":192,
                 "x":967.333314999996,
                 "y":256.667166666667
                }, 
                {
                 "gid":134,
                 "height":256,
                 "id":111,
                 "name":"",
                 "rotation":0,
                 "type":"",
                 "visible":true,
                 "width":192,
                 "x":951.333316666667,
                 "y":231.333166666667
                }, 
                {
                 "gid":142,
                 "height":128,
                 "id":112,
                 "name":"",
                 "rotation":0,
                 "type":"",
                 "visible":true,
                 "width":128,
                 "x":684,
                 "y":181.333333333333
                },
            
                {
                 "gid":142,
                 "height":128,
                 "id":113,
                 "name":"",
                 "rotation":0,
                 "type":"",
                 "visible":true,
                 "width":128,
                 "x":717.333333333333,
                 "y":185.333333333333
                }, 
                {
                 "gid":142,
                 "height":128,
                 "id":114,
                 "name":"",
                 "rotation":0,
                 "type":"",
                 "visible":true,
                 "width":128,
                 "x":289.333333333333,
                 "y":684
                }, 
                {
                 "gid":142,
                 "height":128,
                 "id":115,
                 "name":"",
                 "rotation":0,
                 "type":"",
                 "visible":true,
                 "width":128,
                 "x":308,
                 "y":694.666666666667
                }, 
                {
                 "gid":142,
                 "height":128,
                 "id":117,
                 "name":"",
                 "rotation":0,
                 "type":"",
                 "visible":true,
                 "width":128,
                 "x":330.666666666667,
                 "y":685.333333333333
                }, 
                {
                 "gid":142,
                 "height":128,
                 "id":118,
                 "name":"",
                 "rotation":0,
                 "type":"",
                 "visible":true,
                 "width":128,
                 "x":516.666666666667,
                 "y":690.666666666667
                }, 
                {
                 "gid":142,
                 "height":128,
                 "id":119,
                 "name":"",
                 "rotation":0,
                 "type":"",
                 "visible":true,
                 "width":128,
                 "x":700,
                 "y":686.666666666667
                }, 
                {
                 "gid":142,
                 "height":128,
                 "id":120,
                 "name":"",
                 "rotation":0,
                 "type":"",
                 "visible":true,
                 "width":128,
                 "x":864,
                 "y":688
                }, 
                {
                 "gid":142,
                 "height":128,
                 "id":121,
                 "name":"",
                 "rotation":0,
                 "type":"",
                 "visible":true,
                 "width":128,
                 "x":829.333333333333,
                 "y":693.333333333333
                }, 
                {
                 "gid":142,
                 "height":128,
                 "id":122,
                 "name":"",
                 "rotation":0,
                 "type":"",
                 "visible":true,
                 "width":128,
                 "x":28,
                 "y":686.666666666667
                }, 
                {
                 "gid":142,
                 "height":128,
                 "id":123,
                 "name":"",
                 "rotation":0,
                 "type":"",
                 "visible":true,
                 "width":128,
                 "x":404,
                 "y":181.333333333333
                }, 
                {
                 "gid":142,
                 "height":128,
                 "id":124,
                 "name":"",
                 "rotation":0,
                 "type":"",
                 "visible":true,
                 "width":128,
                 "x":432,
                 "y":176
                }, 
                {
                 "gid":142,
                 "height":128,
                 "id":125,
                 "name":"",
                 "rotation":0,
                 "type":"",
                 "visible":true,
                 "width":128,
                 "x":169.333333333333,
                 "y":182.666666666667
                }],
         "opacity":1,
         "type":"objectgroup",
         "visible":true,
         "x":0,
         "y":0
        }],
 "nextlayerid":7,
 "nextobjectid":126,
 "orientation":"orthogonal",
 "renderorder":"right-down",
 "tiledversion":"1.11.2",
 "tileheight":64,
 "tilesets":[
        {
         "firstgid":1,
         "source":"water.tsx"
        }, 
        {
         "firstgid":2,
         "source":"tileset2.tsx"
        }, 
        {
         "firstgid":56,
         "source":"waterFoam.tsx"
        }, 
        {
         "firstgid":72,
         "source":"tileset1.tsx"
        }, 
        {
         "firstgid":126,
         "source":"trees1.tsx"
        }, 
        {
         "firstgid":134,
         "source":"trees2.tsx"
        }, 
        {
         "firstgid":142,
         "source":"bushes2.tsx"
        }],
 "tilewidth":64,
 "type":"map",
 "version":"1.10",
 "width":18
}